# ESP32-S3-WROOM-1 N16R8  (16 MB flash, 8 MB QSPI PSRAM)
# Optimized 16 MB layout: dual-OTA app + FATFS storage,
# preserving the custom 'fr' data partition and coredump.
# Name,     Type, SubType,  Offset,     Size,      Flags
nvs,        data, nvs,      0x9000,     0x5000,
otadata,    data, ota,      0xe000,     0x2000,
app0,       app,  ota_0,    0x10000,    0x400000,
app1,       app,  ota_1,    0x410000,   0x400000,
ffat,       data, fat,      0x810000,   0x7C0000,
fr,         data,        ,  0xFD0000,   0x20000,
coredump,   data, coredump, 0xFF0000,   0x10000,
